2008-12-31,28.4665988
2009-01-02,22.44596772
2009-01-05,20.79391703
2009-01-06,28.5985189
2009-01-07,26.11605016
2009-01-08,36.65853347
2009-01-09,30.26705888
2009-01-12,19.54828144
2009-01-13,22.88046279
2009-01-14,15.73858353
2009-01-15,13.29641171
2009-01-16,13.30828243
2009-01-20,5.799656944
2009-01-21,3.320607763
2009-01-22,4.966958843
2009-01-23,1.740882374
2009-01-26,11.95069571
2009-01-27,13.73260595
2009-01-28,20.79424809
2009-01-29,22.78020667
2009-01-30,7.5697642
2009-02-02,8.040317619
2009-02-03,12.93944499
2009-02-04,9.674264094
2009-02-05,12.37813391
2009-02-06,14.15450076
2009-02-09,13.75260787
2009-02-10,3.833185979
2009-02-11,2.227690798
2009-02-12,3.908800155
2009-02-13,2.322969734
2009-02-17,-9.610346604
2009-02-18,-19.03911243
2009-02-19,-10.22577731
2009-02-20,-11.19728818
2009-02-23,-16.63515774
2009-02-24,-10.58265407
2009-02-25,-17.0610762
2009-02-26,-19.4186426
2009-02-27,-14.42479044
2009-03-02,-17.26707382
2009-03-03,-17.79308947
2009-03-04,-15.30720215
2009-03-05,-21.04188686
2009-03-06,-24.54429976
2009-03-09,-19.44525582
2009-03-10,-11.87095594
2009-03-11,-14.50277182
2009-03-12,3.712357617
2009-03-13,8.207455627
2009-03-16,3.092585504
2009-03-17,12.0722674
2009-03-18,12.59264243
2009-03-19,4.031364776
2009-03-20,1.283246177
2009-03-23,10.13364441
2009-03-24,-1.638248652
2009-03-25,5.790181127
2009-03-26,10.23165374
2009-03-27,4.091985778
2009-03-30,-3.078449301
2009-03-31,-2.886564224
2009-04-01,6.212664212
2009-04-02,0.20532861
2009-04-03,-2.258295803
2009-04-06,-7.613799912
2009-04-07,-8.753223139
2009-04-08,-7.520675232
2009-04-09,-3.177383652
2009-04-13,-5.281391748
2009-04-14,-0.059808261
2009-04-15,11.96308203
2009-04-16,12.14883125
2009-04-17,13.47633754
2009-04-20,8.489618844
2009-04-21,14.38153408
2009-04-22,19.57617699
2009-04-23,16.24988808
2009-04-24,18.16667233
2009-04-27,15.21347025
2009-04-28,20.04143713
2009-04-29,27.4315994
2009-04-30,19.31736416
2009-05-01,16.40903382
2009-05-04,22.57389974
2009-05-05,23.8572201
2009-05-06,25.2097257
2009-05-07,31.63780299
2009-05-08,36.48070956
2009-05-11,29.76681904
2009-05-12,20.28893291
2009-05-13,13.66829784
2009-05-14,19.45388475
2009-05-15,16.58606827
2009-05-18,28.51115932
2009-05-19,34.92076298
2009-05-20,35.10672502
2009-05-21,39.86271139
2009-05-22,42.40348056
2009-05-26,47.55797304
2009-05-27,49.37890931
2009-05-28,53.94365382
2009-05-29,54.41223386
2009-06-01,67.04665683
2009-06-02,68.26532756
2009-06-03,63.02727785
2009-06-04,62.23003948
2009-06-05,71.95387757
2009-06-08,69.07206921
2009-06-09,72.09520821
2009-06-10,74.84870084
2009-06-11,74.10244857
2009-06-12,69.19291873
2009-06-15,62.90695714
2009-06-16,56.65244977
2009-06-17,56.29602329
2009-06-18,57.11825523
2009-06-19,58.62982215
2009-06-22,50.97768853
2009-06-23,51.34859179
2009-06-24,51.77226849
2009-06-25,52.44094941
2009-06-26,43.48403385
2009-06-29,46.14524476
2009-06-30,39.10952264
2009-07-01,40.79046469
2009-07-02,39.45419053
2009-07-06,37.84142346
2009-07-07,34.71807645
2009-07-08,31.39628334
2009-07-09,31.63912858
2009-07-10,26.71157664
2009-07-13,31.56791203
2009-07-14,32.25785727
2009-07-15,40.58894542
2009-07-16,45.64895121
2009-07-17,39.6948734
2009-07-20,44.75400926
2009-07-21,45.06879483
2009-07-22,41.79381201
2009-07-23,55.83546041
2009-07-24,48.37821324
2009-07-27,50.66381693
2009-07-28,53.99184336
2009-07-29,59.06366695
2009-07-30,61.94278421
2009-07-31,63.19145559
2009-08-03,61.69199933
2009-08-04,71.08613387
2009-08-05,72.20177208
2009-08-06,70.97002558
2009-08-07,75.28665501
2009-08-10,59.18389516
2009-08-11,52.56672344
2009-08-12,57.78560709
2009-08-13,69.41249814
2009-08-14,75.26796021
2009-08-17,74.66888284
2009-08-18,80.53071358
2009-08-19,80.97756147
2009-08-20,83.71731753
2009-08-21,86.59505558
2009-08-24,85.0658041
2009-08-25,88.41494182
2009-08-26,88.55056651
2009-08-27,81.47202388
2009-08-28,80.78435276
2009-08-31,79.64281445
2009-09-01,84.17617196
2009-09-02,78.43541259
2009-09-03,80.63717196
2009-09-04,83.55016984
2009-09-08,78.14270638
2009-09-09,84.13552212
2009-09-10,82.88891477
2009-09-11,81.03889179
2009-09-14,84.33697871
2009-09-15,85.66920932
2009-09-16,98.77766085
2009-09-17,91.91460518
2009-09-18,90.14348514
2009-09-21,91.64967156
2009-09-22,92.28144063
2009-09-23,92.9485298
2009-09-24,92.50331174
2009-09-25,93.54426746
2009-09-28,97.18913213
2009-09-29,90.65754406
2009-09-30,87.23769226
2009-10-01,78.365416
2009-10-02,72.80142109
2009-10-05,79.72904368
2009-10-06,86.05846137
2009-10-07,85.6655158
2009-10-08,83.28898661
2009-10-09,86.05799108
2009-10-12,83.44216706
2009-10-13,86.03585184
2009-10-14,89.91106333
2009-10-15,89.40922953
2009-10-16,81.78401028
2009-10-19,85.45182327
2009-10-20,79.68599514
2009-10-21,71.49015798
2009-10-22,72.4717863
2009-10-23,63.89418977
2009-10-26,56.02871363
2009-10-27,61.36260294
2009-10-28,56.54451984
2009-10-29,57.58511778
2009-10-30,60.49882921
2009-11-02,64.42992971
2009-11-03,72.88223822
2009-11-04,67.79119831
2009-11-05,83.71893067
2009-11-06,89.22598674
2009-11-09,88.84898221
2009-11-10,84.50995181
2009-11-11,83.01406098
2009-11-12,82.41596811
2009-11-13,82.62555508
2009-11-16,82.7082568
2009-11-17,76.45172275
2009-11-18,73.23371057
2009-11-19,64.39183652
2009-11-20,66.20102807
2009-11-23,63.11946492
2009-11-24,60.3709788
2009-11-25,57.71155071
2009-11-27,52.18930139
2009-11-30,52.01662655
2009-12-01,54.64090643
2009-12-02,54.98509834
2009-12-03,51.52716936
2009-12-04,56.40037799
2009-12-07,51.40932226
2009-12-08,50.12824582
2009-12-09,55.91450558
2009-12-10,55.24022328
2009-12-11,60.61554557
2009-12-14,66.51546493
2009-12-15,61.32412201
2009-12-16,60.02195052
2009-12-17,55.98012292
2009-12-18,61.18767647
2009-12-21,58.93210405
2009-12-22,62.83692956
2009-12-23,67.85203093
2009-12-24,63.56492606
2009-12-28,58.2493714
2009-12-29,54.66781891
2009-12-30,57.9929408
2009-12-31,63.25449291
2010-01-04,65.14446451
2010-01-05,62.51336537
2010-01-06,70.28872258
2010-01-07,74.21579848
2010-01-08,75.83896303
2010-01-11,71.06954259
2010-01-12,69.25897522
2010-01-13,71.4926176
2010-01-14,71.79580972
2010-01-15,68.24424473
2010-01-19,71.26063338
2010-01-20,66.33603166
2010-01-21,59.15464976
2010-01-22,49.47945174
2010-01-25,51.24237973
2010-01-26,44.2210464
2010-01-27,55.63971591
2010-01-28,48.64613116
2010-01-29,46.70331406
2010-02-01,43.37380967
2010-02-02,41.42862892
2010-02-03,38.13846981
2010-02-04,33.46804144
2010-02-05,33.43945888
2010-02-08,26.85512258
2010-02-09,27.48228019
2010-02-10,29.45683051
2010-02-11,30.53844733
2010-02-12,29.15005377
2010-02-16,37.25176958
2010-02-17,40.18916968
2010-02-18,43.5779086
2010-02-19,38.97090166
2010-02-22,37.89714887
2010-02-23,-5.125370535
2010-02-24,-10.17221741
2010-02-25,-3.905025615
2010-02-26,-3.42834906
2010-03-01,-4.149221657
2010-03-02,-7.758419226
2010-03-03,-6.933642579
2010-03-04,-7.760538964
2010-03-05,-8.219249978
2010-03-08,-3.673758923
2010-03-09,-3.910129704
2010-03-10,-5.672311075
2010-03-11,-3.829232004
2010-03-12,-2.908587649
2010-03-15,-4.342002245
2010-03-16,-3.586157947
2010-03-17,-3.331192985
2010-03-18,-1.336809299
2010-03-19,-1.875408951
2010-03-22,0.255989704
2010-03-23,9.129858498
2010-03-24,5.884113431
2010-03-25,12.31279908
2010-03-26,12.85246418
2010-03-29,14.67028196
2010-03-30,16.35577121
2010-03-31,15.64031192
2010-04-01,18.2523437
2010-04-05,23.5507173
2010-04-06,23.83605746
2010-04-07,19.02680978
2010-04-08,12.72541716
2010-04-09,12.03158811
2010-04-12,10.35067841
2010-04-13,6.620175124
2010-04-14,9.930788841
2010-04-15,16.61365908
2010-04-16,13.70932932
2010-04-19,14.2848442
2010-04-20,17.82662773
2010-04-21,16.11274048
2010-04-22,18.72492464
2010-04-23,17.41547497
2010-04-26,9.876936828
2010-04-27,15.33817854
2010-04-28,12.12888465
2010-04-29,19.87888785
2010-04-30,14.07696137
2010-05-03,18.37067657
2010-05-04,16.63936036
2010-05-05,29.52558599
2010-05-06,22.40471557
2010-05-07,14.65351209
2010-05-10,32.18021741
2010-05-11,30.51053556
2010-05-12,25.46642316
2010-05-13,24.75683472
2010-05-14,24.70951658
2010-05-17,25.11592742
2010-05-18,28.13167463
2010-05-19,29.48207189
2010-05-20,18.64307694
2010-05-21,16.34049505
2010-05-24,18.16863207
2010-05-25,18.06163353
2010-05-26,17.98455825
2010-05-27,29.32478606
2010-05-28,34.17536808
2010-06-01,37.41694312
2010-06-02,38.215635
2010-06-03,48.5119637
2010-06-04,52.39552154
2010-06-07,40.25157231
2010-06-08,40.92026132
2010-06-09,34.64863363
2010-06-10,36.99643259
2010-06-11,41.03625352
2010-06-14,40.39151605
2010-06-15,46.6880443
2010-06-16,48.91684438
2010-06-17,51.58821563
2010-06-18,49.95252343
2010-06-21,49.57411441
2010-06-22,44.66373665
2010-06-23,45.61176792
2010-06-24,51.46533574
2010-06-25,56.1234764
2010-06-28,51.22430131
2010-06-29,43.27971609
2010-06-30,44.94145212
2010-07-01,35.53811712
2010-07-02,40.93527072
2010-07-06,50.67216412
2010-07-07,54.94626168
2010-07-08,49.72991508
2010-07-09,45.58294295
2010-07-12,41.2853146
2010-07-13,40.47067531
2010-07-14,37.21916481
2010-07-15,32.79393894
2010-07-16,27.63766411
2010-07-19,25.93040716
2010-07-20,30.255009
2010-07-21,24.90785874
2010-07-22,29.14864699
2010-07-23,29.28288172
2010-07-26,26.91304786
2010-07-27,29.39800112
2010-07-28,25.53973313
2010-07-29,27.95426438
2010-07-30,23.96470138
2010-08-02,24.87849043
2010-08-03,7.306081626
2010-08-04,12.52515901
2010-08-05,11.64158309
2010-08-06,10.76123269
2010-08-09,13.80587452
2010-08-10,12.11821145
2010-08-11,8.079605039
2010-08-12,9.088657364
2010-08-13,7.609251108
2010-08-16,8.588989884
2010-08-17,14.05678
2010-08-18,11.0645402
2010-08-19,3.40967908
2010-08-20,2.088694756
2010-08-23,2.74557959
2010-08-24,0.90274179
2010-08-25,6.721065858
2010-08-26,1.312137617
2010-08-27,3.823230153
2010-08-30,3.725118733
2010-08-31,11.12548643
2010-09-01,14.40424178
2010-09-02,15.28756021
2010-09-03,13.11381758
2010-09-07,9.29152886
2010-09-08,-1.9490185
2010-09-09,2.931135362
2010-09-10,-0.591845252
2010-09-13,11.54358676
2010-09-14,6.861429222
2010-09-15,4.071440538
2010-09-16,1.305853766
2010-09-17,-7.732218609
2010-09-20,-6.408472906
2010-09-21,4.062781235
2010-09-22,10.1587256
2010-09-23,10.52557852
2010-09-24,19.17752898
2010-09-27,16.869319
2010-09-28,17.05960069
2010-09-29,24.3747088
2010-09-30,27.19585129
2010-10-01,28.25457278
2010-10-04,27.81823956
2010-10-05,31.3766005
2010-10-06,26.52078897
2010-10-07,25.93540729
2010-10-08,30.48775096
2010-10-11,28.31108027
2010-10-12,27.22109405
2010-10-13,36.8537196
2010-10-14,37.52852245
2010-10-15,38.20538039
2010-10-18,39.81599035
2010-10-19,41.6146026
2010-10-20,41.41092616
2010-10-21,44.80012389
2010-10-22,40.61107936
2010-10-25,39.92200466
2010-10-26,42.24826082
2010-10-27,41.98446697
2010-10-28,38.87145758
2010-10-29,35.91765945
2010-11-01,34.77800963
2010-11-02,51.02799862
2010-11-03,50.44104257
2010-11-04,54.3223152
2010-11-05,62.61679143
2010-11-08,64.14795962
2010-11-09,65.5572129
2010-11-10,65.00932648
2010-11-11,64.30509336
2010-11-12,62.41385338
2010-11-15,63.76027986
2010-11-16,60.05697389
2010-11-17,63.02831549
2010-11-18,64.93705679
2010-11-19,63.2727093
2010-11-22,70.55781446
2010-11-23,73.04573903
2010-11-24,75.9396015
2010-11-26,67.36556385
2010-11-29,69.63324937
2010-11-30,80.46592511
2010-12-01,72.91639644
2010-12-02,70.54469699
2010-12-03,73.63656867
2010-12-06,71.45243154
2010-12-07,78.68622554
2010-12-08,78.14199166
2010-12-09,78.35139773
2010-12-10,81.63658918
2010-12-13,82.93719503
2010-12-14,79.05756817
2010-12-15,80.13145794
2010-12-16,85.9380317
2010-12-17,78.05905185
2010-12-20,76.84045923
2010-12-21,60.41264554
2010-12-22,59.81045133
2010-12-23,62.55517979
2010-12-27,65.16703562
2010-12-28,64.63462822
2010-12-29,63.07636208
2010-12-30,63.35827848
2010-12-31,60.89739647
2011-01-03,62.0936798
2011-01-04,75.37273718
2011-01-05,75.19888368
2011-01-06,75.39630835
2011-01-07,72.98747908
2011-01-10,79.23564589
2011-01-11,89.50146093
2011-01-12,96.01449109
2011-01-13,90.01673474
2011-01-14,93.09021993
2011-01-18,88.65637992
2011-01-19,80.39022969
2011-01-20,77.53397795
2011-01-21,82.69925046
2011-01-24,83.46511967
2011-01-25,85.67447403
2011-01-26,87.5644957
2011-01-27,91.13179076
2011-01-28,86.57067985
2011-01-31,89.10885915
2011-02-01,96.74667665
2011-02-02,93.48464535
2011-02-03,93.63107815
2011-02-04,93.20489646
2011-02-07,98.90795064
2011-02-08,101.4783473
2011-02-09,96.97564752
2011-02-10,96.98090571
2011-02-11,97.53390858
2011-02-14,97.4676646
2011-02-15,90.6029162
2011-02-16,80.23336763
2011-02-17,76.84186669
2011-02-18,72.92423922
2011-02-22,68.32276539
2011-02-23,65.86878328
2011-02-24,69.30819248
2011-02-25,59.97250369
2011-02-28,69.01636593
2011-03-01,64.36668419
2011-03-02,77.79357031
2011-03-03,73.29036531
2011-03-04,77.09603072
2011-03-07,69.53271244
2011-03-08,68.84091148
2011-03-09,67.0215593
2011-03-10,63.38526875
2011-03-11,60.50666546
2011-03-14,61.07423525
2011-03-15,51.99753078
2011-03-16,47.89526784
2011-03-17,52.84823021
2011-03-18,52.14960348
2011-03-21,53.34346957
2011-03-22,49.28379075
2011-03-23,51.29965071
2011-03-24,53.62825492
2011-03-25,53.39244879
2011-03-28,52.4986627
2011-03-29,47.88100598
2011-03-30,61.61154331
2011-03-31,56.99049623
2011-04-01,60.63994434
2011-04-04,61.68879909
2011-04-05,62.83405568
2011-04-06,57.15649523
2011-04-07,56.2453974
2011-04-08,57.25341255
2011-04-11,55.45925244
2011-04-12,57.53455272
2011-04-13,49.66937373
2011-04-14,48.1672877
2011-04-15,46.16224903
2011-04-18,44.00061734
2011-04-19,44.44174462
2011-04-20,42.95091754
2011-04-21,38.85271831
2011-04-25,40.43048274
2011-04-26,42.6671749
2011-04-27,39.62534303
2011-04-28,45.14439566
2011-04-29,46.28956269
2011-05-02,44.4527963
2011-05-03,42.57807903
2011-05-04,33.58247205
2011-05-05,27.50710266
2011-05-06,24.13768798
2011-05-09,23.27943987
2011-05-10,17.85025095
2011-05-11,15.92265076
2011-05-12,16.27672373
2011-05-13,14.18424432
2011-05-16,10.96622611
2011-05-17,11.07382379
2011-05-18,12.12941341
2011-05-19,12.67787808
2011-05-20,14.93715788
2011-05-23,9.739884138
2011-05-24,8.310737321
2011-05-25,6.029399915
2011-05-26,4.651915658
2011-05-27,3.825519619
2011-05-31,1.783568304
2011-06-01,-3.809446214
2011-06-02,-0.275898476
2011-06-03,0.421728267
2011-06-06,-6.666462526
2011-06-07,-7.687316309
2011-06-08,-6.934224884
2011-06-09,-7.411934771
2011-06-10,-14.35951417
2011-06-13,-15.03631479
2011-06-14,-8.021527719
2011-06-15,-14.67367185
2011-06-16,-9.022892305
2011-06-17,-6.155320177
2011-06-20,-11.27337477
2011-06-21,-5.798283011
2011-06-22,-4.734553413
2011-06-23,-10.34082002
2011-06-24,-11.20365695
2011-06-27,-9.600770636
2011-06-28,-5.781666244
2011-06-29,-5.428180279
2011-06-30,-5.361945996
2011-07-01,-4.265580006
2011-07-05,-7.79287947
2011-07-06,-4.471310802
2011-07-07,7.596327065
2011-07-08,5.442325386
2011-07-11,5.128891491
2011-07-12,6.141360021
2011-07-13,10.87407441
2011-07-14,10.06378327
2011-07-15,11.93897091
2011-07-18,9.964755289
2011-07-19,13.42913512
2011-07-20,14.6380316
2011-07-21,13.4676013
2011-07-22,20.32125161
2011-07-25,19.65236226
2011-07-26,13.65725928
2011-07-27,14.50796555
2011-07-28,13.99231214
2011-07-29,12.3464732
2011-08-01,13.01125937
2011-08-02,5.389920916
2011-08-03,-5.820255502
2011-08-04,-9.105048507
2011-08-05,-14.58400143
2011-08-08,-24.007812
2011-08-09,-12.88316353
2011-08-10,-19.15072916
2011-08-11,-16.97168995
2011-08-12,-16.89157471
2011-08-15,-13.26076645
2011-08-16,-2.425037768
2011-08-17,-0.865399764
2011-08-18,-9.100653578
2011-08-19,-13.08926636
2011-08-22,-14.81684107
2011-08-23,-11.44387458
2011-08-24,-8.958340182
2011-08-25,-11.92096787
2011-08-26,-12.07212849
2011-08-29,-8.859106162
2011-08-30,-11.07652311
2011-08-31,-12.04490956
2011-09-01,-15.05235104
2011-09-02,-16.64078122
2011-09-06,-17.90580316
2011-09-07,-11.24486939
2011-09-08,-16.76761153
2011-09-09,-19.20853249
2011-09-12,-17.97854727
2011-09-13,-19.71915337
2011-09-14,-11.6818619
2011-09-15,-13.92367738
2011-09-16,-16.65958156
2011-09-19,-21.60085094
2011-09-20,-22.44513006
2011-09-21,-26.39389897
2011-09-22,-26.55370914
2011-09-23,-27.08659594
2011-09-26,-27.29689384
2011-09-27,-29.6820121
2011-09-28,-32.99889472
2011-09-29,-24.89301778
2011-09-30,-28.01036616
2011-10-03,-25.53807404
2011-10-04,-10.87258012
2011-10-05,-13.31240001
2011-10-06,-16.18024898
2011-10-07,-18.79303356
2011-10-10,-18.57863461
2011-10-11,-6.936302315
2011-10-12,-7.544247973
2011-10-13,-7.339782173
2011-10-14,-5.36806453
2011-10-17,-13.83630791
2011-10-18,-8.233488623
2011-10-19,-9.818235907
2011-10-20,-13.8916502
2011-10-21,-12.27358323
2011-10-24,-13.30148106
2011-10-25,-19.32029577
2011-10-26,-16.02505719
2011-10-27,-13.49131694
2011-10-28,-5.827017435
2011-10-31,-6.525348471
2011-11-01,17.75003105
2011-11-02,17.04862142
2011-11-03,20.79775535
2011-11-04,20.78676827
2011-11-07,16.68918713
2011-11-08,18.3117918
2011-11-09,10.20943289
2011-11-10,16.35968478
2011-11-11,18.15171348
2011-11-14,16.1620612
2011-11-15,21.92952701
2011-11-16,23.77994279
2011-11-17,25.4589117
2011-11-18,24.18281071
2011-11-21,20.96958441
2011-11-22,19.92748648
2011-11-23,15.99671538
2011-11-25,10.49971539
2011-11-28,21.19120091
2011-11-29,17.05747641
2011-11-30,25.16715053
2011-12-01,19.09676997
2011-12-02,20.03858854
2011-12-05,23.05133186
2011-12-06,24.37119106
2011-12-07,22.081131
2011-12-08,14.01079705
2011-12-09,15.15787926
2011-12-12,12.19332872
2011-12-13,8.768362335
2011-12-14,1.865930766
2011-12-15,4.104346116
2011-12-16,0.790945331
2011-12-19,-2.625215372
2011-12-20,9.583620272
2011-12-21,11.05036861
2011-12-22,14.83289823
2011-12-23,13.55246232
2011-12-27,11.09706294
2011-12-28,4.108753576
2011-12-29,6.029504533
2011-12-30,8.605111793
2012-01-03,16.3935398
2012-01-04,16.67078454
2012-01-05,18.71463879
2012-01-06,20.16448147
2012-01-09,20.80970812
2012-01-10,21.5899608
2012-01-11,20.74998474
2012-01-12,22.21881469
2012-01-13,17.7733912
2012-01-17,21.12338992
2012-01-18,27.22482577
2012-01-19,24.98331401
2012-01-20,29.35170537
2012-01-23,29.08443277
2012-01-24,30.82164901
2012-01-25,30.96221281
2012-01-26,29.73224003
2012-01-27,29.34378277
2012-01-30,22.86454259
2012-01-31,25.53016044
2012-02-01,28.12659814
2012-02-02,28.94303274
2012-02-03,32.11134199
2012-02-06,30.87019088
2012-02-07,21.34541302
2012-02-08,18.38245179
2012-02-09,17.1656213
2012-02-10,10.83565661
2012-02-13,11.76928564
2012-02-14,35.4063848
2012-02-15,35.67250388
2012-02-16,38.85609002
2012-02-17,39.33578123
2012-02-21,43.31899518
2012-02-22,40.55809768
2012-02-23,46.38662043
2012-02-24,41.46323698
2012-02-27,43.4603745
2012-02-28,43.44120634
2012-02-29,39.28425481
2012-03-01,39.42405723
2012-03-02,38.7205206
2012-03-05,41.82990573
2012-03-06,39.57181172
2012-03-07,37.18073423
2012-03-08,37.19528584
2012-03-09,38.14139457
2012-03-12,34.25491382
2012-03-13,33.12361491
2012-03-14,31.01962804
2012-03-15,37.1401885
2012-03-16,37.75666433
2012-03-19,35.8003519
2012-03-20,30.49302422
2012-03-21,32.46798076
2012-03-22,31.15584401
2012-03-23,31.21735971
2012-03-26,42.71908678
2012-03-27,50.73095506
2012-03-28,42.74103262
2012-03-29,42.00036333
2012-03-30,33.72840488
2012-04-02,31.44282859
2012-04-03,28.27169899
2012-04-04,27.2378434
2012-04-05,24.11440513
2012-04-09,21.24763674
2012-04-10,22.871142
2012-04-11,25.09376735
2012-04-12,33.76582982
2012-04-13,28.52393303
2012-04-16,34.27072017
2012-04-17,40.70420287
2012-04-18,36.51136984
2012-04-19,38.74799356
2012-04-20,39.57245273
2012-04-23,35.30229117
2012-04-24,37.13290477
2012-04-25,42.94395267
2012-04-26,40.89105275
2012-04-27,44.55724275
2012-04-30,39.29615969
2012-05-01,23.89865853
2012-05-02,28.60222294
2012-05-03,22.75164807
2012-05-04,21.41728084
2012-05-07,25.65325175
2012-05-08,27.24499094
2012-05-09,21.35836972
2012-05-10,19.77660042
2012-05-11,18.9939859
2012-05-14,13.56163171
2012-05-15,18.15246151
2012-05-16,17.91149486
2012-05-17,22.06186792
2012-05-18,19.53550914
2012-05-21,16.66190167
2012-05-22,14.05326579
2012-05-23,11.74364768
2012-05-24,18.38920714
2012-05-25,21.19466899
2012-05-29,18.84073578
2012-05-30,15.78944013
2012-05-31,19.17325755
2012-06-01,15.75076011
2012-06-04,15.32493825
2012-06-05,14.22548818
2012-06-06,17.79932682
2012-06-07,19.48872476
2012-06-08,19.98134351
2012-06-11,12.6769684
2012-06-12,13.32815503
2012-06-13,10.18595648
2012-06-14,13.6641469
2012-06-15,20.54829876
2012-06-18,22.17678605
2012-06-19,22.12090827
2012-06-20,19.05741486
2012-06-21,14.23500943
2012-06-22,9.470351532
2012-06-25,10.59812881
2012-06-26,16.083127
2012-06-27,30.2991326
2012-06-28,28.47024868
2012-06-29,32.98147982
2012-07-02,36.66642524
2012-07-03,37.77454121
2012-07-05,36.93959963
2012-07-06,33.96188318
2012-07-09,36.06956023
2012-07-10,36.86670273
2012-07-11,36.10806215
2012-07-12,37.26872518
2012-07-13,37.88762944
2012-07-16,37.64878276
2012-07-17,37.34308666
2012-07-18,35.65575999
2012-07-19,34.47430782
2012-07-20,34.89325119
2012-07-23,31.3171195
2012-07-24,32.92075326
2012-07-25,30.31902924
2012-07-26,29.2831546
2012-07-27,32.0743665
2012-07-30,27.64312271
2012-07-31,29.36665601
2012-08-01,28.91237463
2012-08-02,27.72032738
2012-08-03,34.16117755
2012-08-06,37.69599054
2012-08-07,38.13048511
2012-08-08,42.01336499
2012-08-09,44.97647223
2012-08-10,44.75099659
2012-08-13,47.77866049
2012-08-14,42.86338275
2012-08-15,43.23511616
2012-08-16,43.92420746
2012-08-17,45.10832127
2012-08-20,43.98041363
2012-08-21,43.3536745
2012-08-22,40.46402288
2012-08-23,42.20091111
2012-08-24,41.12705124
2012-08-27,39.18704803
2012-08-28,39.2990307
2012-08-29,40.04606766
2012-08-30,36.50010891
2012-08-31,33.84609956
2012-09-04,30.30890737
2012-09-05,31.78692731
2012-09-06,31.36170994
2012-09-07,31.60794234
2012-09-10,33.26557209
2012-09-11,38.62150206
2012-09-12,37.45245213
2012-09-13,43.5644617
2012-09-14,42.18138688
2012-09-17,43.66059712
2012-09-18,40.83451975
2012-09-19,39.93884764
2012-09-20,37.08434507
2012-09-21,39.74537979
2012-09-24,40.58350388
2012-09-25,41.35721287
2012-09-26,41.66875268
2012-09-27,41.93911979
2012-09-28,39.97902883
2012-10-01,39.89113805
2012-10-02,42.43051315
2012-10-03,42.46929185
2012-10-04,40.73252835
2012-10-05,40.55088356
2012-10-08,40.36522476
2012-10-09,37.5315176
2012-10-10,38.07073144
2012-10-11,35.87105542
2012-10-12,35.01083728
2012-10-15,32.1796565
2012-10-16,30.67975998
2012-10-17,25.76187326
2012-10-18,23.45698732
2012-10-19,21.90552423
2012-10-22,28.07152439
2012-10-23,26.63778642
2012-10-24,26.08484998
2012-10-25,27.66714586
2012-10-26,26.98298864
2012-10-31,51.22148157
2012-11-01,47.3717831
2012-11-02,52.83111605
2012-11-05,57.62374162
2012-11-06,58.09226214
2012-11-07,59.68900273
2012-11-08,64.61964698
2012-11-09,63.18182555
2012-11-12,66.19171324
2012-11-13,60.75577294
2012-11-14,58.92901862
2012-11-15,59.22601102
2012-11-16,56.36953099
2012-11-19,60.77324379
2012-11-20,59.46393389
2012-11-21,60.53312428
2012-11-23,59.57835806
2012-11-26,65.57768125
2012-11-27,73.65896032
2012-11-28,69.93692365
2012-11-29,75.10433445
2012-11-30,76.49142231
2012-12-03,77.79287413
2012-12-04,77.72002248
2012-12-05,69.46725265
2012-12-06,69.68208508
2012-12-07,67.48505826
2012-12-10,69.13417761
2012-12-11,77.78067302
2012-12-12,83.97592343
2012-12-13,78.97132461
2012-12-14,75.06474721
2012-12-17,84.79379614
2012-12-18,80.83766541
2012-12-19,75.29939861
2012-12-20,76.19809576
2012-12-21,76.37833332
2012-12-24,79.96172115
2012-12-26,75.37563614
2012-12-27,75.64967977
2012-12-28,75.65119559
2012-12-31,76.39566157
2013-01-02,91.56200867
2013-01-03,83.48804054
2013-01-04,87.36472609
2013-01-07,85.37497632
2013-01-08,90.70211529
2013-01-09,93.42443939
2013-01-10,91.06549981
2013-01-11,89.22007913
2013-01-14,89.09442825
2013-01-15,91.32799095
2013-01-16,89.23678399
2013-01-17,85.82134881
2013-01-18,81.3823145
2013-01-22,85.39698831
2013-01-23,81.40990256
2013-01-24,80.90515373
2013-01-25,77.48019584
2013-01-28,77.79480442
2013-01-29,75.73528952
2013-01-30,70.54467308
2013-01-31,78.11374004
2013-02-01,77.38937719
2013-02-04,71.00033952
2013-02-05,75.21034941
2013-02-06,77.11769654
2013-02-07,75.92733879
2013-02-08,76.90282121
2013-02-11,79.62463009
2013-02-12,83.06068088
2013-02-13,88.55106664
2013-02-14,92.17076259
2013-02-15,91.50173951
2013-02-19,95.1629404
2013-02-20,84.83570658
2013-02-21,80.83874142
2013-02-22,84.14994997
2013-02-25,81.66773433
2013-02-26,82.21434843
2013-02-27,86.36285309
2013-02-28,86.40927845
2013-03-01,83.13160318
2013-03-04,81.37076501
2013-03-05,84.49602751
2013-03-06,84.53439597
2013-03-07,83.64386245
2013-03-08,88.64433973
2013-03-11,78.01782007
2013-03-12,62.21213651
2013-03-13,43.23978097
2013-03-14,55.27187699
2013-03-15,4.649150612
2013-03-18,3.414752361
2013-03-19,-4.79120868
2013-03-20,-1.924694618
2013-03-21,-1.802441031
2013-03-22,-3.839536759
2013-03-25,-11.03463829
2013-03-26,-16.56120555
2013-03-27,-15.87714699
2013-03-28,-16.11359587
2013-04-01,-11.9173571
2013-04-02,-11.67889184
2013-04-03,0.411012985
2013-04-04,-5.133753552
2013-04-05,-6.162416731
2013-04-08,-6.289752469
2013-04-09,-11.89362221
2013-04-10,-11.72692331
2013-04-11,-11.63291471
2013-04-12,-12.09023342
2013-04-15,-24.76122391
2013-04-16,-22.30390926
2013-04-17,-25.63943375
2013-04-18,-15.37277997
2013-04-19,-14.98467637
2013-04-22,-15.98005564
2013-04-23,-13.98194896
2013-04-24,-12.90900457
2013-04-25,-13.17303081
2013-04-26,-16.38954748
2013-04-29,-19.83916208
2013-04-30,-16.53819935
2013-05-01,-23.79513287
2013-05-02,-20.73658006
2013-05-03,-14.9246297
2013-05-06,-21.30004367
2013-05-07,-0.738308712
2013-05-08,3.43568681
2013-05-09,-2.370776261
2013-05-10,-0.498687166
2013-05-13,-5.719249996
2013-05-14,-0.807144724
2013-05-15,0.523350354
2013-05-16,15.57408396
2013-05-17,12.55463307
2013-05-20,13.5297524
2013-05-21,17.01539406
2013-05-22,20.29423113
2013-05-23,20.73794137
2013-05-24,18.1219405
2013-05-28,15.24566305
2013-05-29,16.82799417
2013-05-30,16.85523659
2013-05-31,19.23426853
2013-06-03,20.48153339
2013-06-04,16.77540386
2013-06-05,15.14564787
2013-06-06,19.89252742
2013-06-07,18.30541051
2013-06-10,21.39763907
2013-06-11,22.66483023
2013-06-12,18.71853713
2013-06-13,18.58231269
2013-06-14,15.31240342
2013-06-17,17.42945725
2013-06-18,24.81925466
2013-06-19,17.28175277
2013-06-20,15.01801386
2013-06-21,9.941053943
2013-06-24,7.019943949
2013-06-25,10.25324322
2013-06-26,7.962148684
2013-06-27,6.926675899
2013-06-28,0.771892133
2013-07-01,3.60115582
2013-07-02,0.493693088
2013-07-03,4.773895452
2013-07-05,1.416444835
2013-07-08,-0.048565618
2013-07-09,-0.828352086
2013-07-10,-1.545344151
2013-07-11,1.543120554
2013-07-12,4.792541271
2013-07-15,-0.29252607
2013-07-16,-1.923779625
2013-07-17,-4.440401991
2013-07-18,0.372307078
2013-07-19,14.44893517
2013-07-22,8.858853546
2013-07-23,12.19177776
2013-07-24,8.220200394
2013-07-25,1.176909099
2013-07-26,-11.05620749
2013-07-29,-21.97391295
2013-07-30,-21.46961681
2013-07-31,-18.69987272
2013-08-01,-18.39422316
2013-08-02,-17.26708417
2013-08-05,-14.54770086
2013-08-06,-16.1809337
2013-08-07,-27.21642812
2013-08-08,-28.67896437
2013-08-09,-42.46056738
2013-08-12,-46.20320221
2013-08-13,-44.06241626
2013-08-14,-46.06195444
2013-08-15,-45.07411125
2013-08-16,-44.29590092
2013-08-19,-43.63681639
2013-08-20,-43.04284303
2013-08-21,-47.26027648
2013-08-22,-44.8866839
2013-08-23,-43.34204437
2013-08-26,-41.24461758
2013-08-27,-41.4210854
2013-08-28,-42.00223706
2013-08-29,-43.8092514
2013-08-30,-42.86973927
2013-09-03,-44.16777518
2013-09-04,-44.54776208
2013-09-05,-46.17479761
2013-09-06,-47.96389108
2013-09-09,-47.95079114
2013-09-10,-47.87466299
2013-09-11,-40.94633164
2013-09-12,-34.62411352
2013-09-13,-38.46084499
2013-09-16,-38.18752135
2013-09-17,-36.23745749
2013-09-18,-31.68983549
2013-09-19,-31.46194633
2013-09-20,-29.06060437
2013-09-23,-31.10213976
2013-09-24,-32.8541741
2013-09-25,-35.85822338
2013-09-26,-33.82780642
2013-09-27,-36.59127566
2013-09-30,-32.27719789
2013-10-01,-34.14683694
2013-10-02,-33.24130682
2013-10-03,-31.12512859
2013-10-04,-36.75297228
2013-10-07,-40.70528368
2013-10-08,-43.79365703
2013-10-09,-41.7239661
2013-10-10,-40.69371541
2013-10-11,-39.38463365
2013-10-14,-35.13757172
2013-10-15,-37.12059177
2013-10-16,-32.61776294
2013-10-17,-23.35495196
2013-10-18,-18.42595844
2013-10-21,-15.26352108
2013-10-22,-16.71086734
2013-10-23,-17.50767913
2013-10-24,-14.684867
2013-10-25,-17.58930441
2013-10-28,-14.14251869
2013-10-29,-8.859458452
2013-10-30,-9.29356195
2013-10-31,-16.30206721
2013-11-01,-18.71125102
2013-11-04,-12.31714163
2013-11-05,-6.97374721
2013-11-06,-2.9328183
2013-11-07,-4.679472767
2013-11-08,0.989921683
2013-11-11,1.372578579
2013-11-12,-1.865583782
2013-11-13,0.626899603
2013-11-14,4.506587821
2013-11-15,1.954596112
2013-11-18,2.346182033
2013-11-19,0.200563623
2013-11-20,-1.651812933
2013-11-21,0.575120309
2013-11-22,-1.093218355
2013-11-25,-5.509767368
2013-11-26,-6.799421823
2013-11-27,-3.10006933
2013-11-29,-4.476650884
2013-12-02,-10.3655765
2013-12-03,-10.53974161
2013-12-04,-17.75091147
2013-12-05,-17.85743547
2013-12-06,-14.09620048
2013-12-09,-11.24800704
2013-12-10,-11.16940233
2013-12-11,-13.03232636
2013-12-12,-14.11505433
2013-12-13,-10.37278204
2013-12-16,-10.34472737
2013-12-17,-11.58616224
2013-12-18,-11.48458969
2013-12-19,-11.2134977
2013-12-20,-5.770232389
2013-12-23,-3.564931628
2013-12-24,1.182659685
2013-12-26,1.793008625
2013-12-27,3.115690083
2013-12-30,0.442584702
2013-12-31,0.525474913
2014-01-02,-6.383575283
2014-01-03,-0.952737516
2014-01-06,-8.290682889
2014-01-07,-8.492104519
2014-01-08,-16.82545839
2014-01-09,-14.96483404
2014-01-10,-12.75923075
2014-01-13,-11.58471952
2014-01-14,-10.43240707
2014-01-15,-8.688153395
2014-01-16,-8.947542669
2014-01-17,-8.72152518
2014-01-21,-6.883988139
2014-01-22,-21.56989786
2014-01-23,-20.56156554
2014-01-24,-21.38350068
2014-01-27,-29.21481398
2014-01-28,-31.7211298
2014-01-29,-38.73279907
2014-01-30,-44.88771628
2014-01-31,-54.01289624
2014-02-03,-38.44533276
2014-02-04,-40.02304697
2014-02-05,-37.9850318
2014-02-06,-40.1213811
2014-02-07,-42.72196825
2014-02-10,-42.86283373
2014-02-11,-44.81947796
2014-02-12,-44.56027706
2014-02-13,-46.62300016
2014-02-14,-46.36344984
2014-02-18,-44.8208536
2014-02-19,-48.48211326
2014-02-20,-49.18053019
2014-02-21,-48.64810294
2014-02-24,-49.47644925
2014-02-25,-40.67681489
2014-02-26,-43.71484969
2014-02-27,-40.36216997
2014-02-28,-38.795897
2014-03-03,-42.14788121
2014-03-04,-35.67142768
2014-03-05,-35.3772331
2014-03-06,-27.12047737
2014-03-07,-28.11074011
2014-03-10,-19.80082773
2014-03-11,-19.29202378
2014-03-12,-16.67187841
2014-03-13,-15.70268015
2014-03-14,-17.39280533
2014-03-17,-14.60403334
2014-03-18,-14.40722423
2014-03-19,-13.71822444
2014-03-20,-13.56465773
2014-03-21,-11.18537926
2014-03-24,-11.54198124
2014-03-25,-10.16242644
2014-03-26,-11.21539593
2014-03-27,-12.72401422
2014-03-28,-12.43293042
2014-03-31,-10.00885148
2014-04-01,-18.59915104
2014-04-02,-19.50141375
2014-04-03,-18.14946326
2014-04-04,-22.998814
2014-04-07,-23.85128165
2014-04-08,-19.3591377
2014-04-09,-15.0642236
2014-04-10,-20.58582465
2014-04-11,-19.78026415
2014-04-14,-18.42761823
2014-04-15,-20.01964063
2014-04-16,-19.48165783
2014-04-17,-10.72461745
2014-04-21,-8.204834971
2014-04-22,-10.82367536
2014-04-23,-12.68889239
2014-04-24,-14.11710773
2014-04-25,-19.01830978
2014-04-28,-19.55884388
2014-04-29,-20.61916892
2014-04-30,-18.93443216
2014-05-01,-17.51861248
2014-05-02,-15.76347539
2014-05-05,-22.23646473
2014-05-06,-45.2464303
2014-05-07,-51.11515095
2014-05-08,-50.8652356
2014-05-09,-50.73235194
2014-05-12,-44.72701019
2014-05-13,-47.83038352
2014-05-14,-52.16867478
2014-05-15,-52.05412616
2014-05-16,-53.93765222
2014-05-19,-49.98749478
2014-05-20,-56.46311868
2014-05-21,-55.49997923
2014-05-22,-55.28273495
2014-05-23,-49.5115033
2014-05-27,-47.58150019
2014-05-28,-49.43693665
2014-05-29,-52.34296965
2014-05-30,-53.95083783
2014-06-02,-53.45728998
2014-06-03,-57.66898315
2014-06-04,-56.78237109
2014-06-05,-48.79041275
2014-06-06,-39.6525796
2014-06-09,-36.21459158
2014-06-10,-34.54452745
2014-06-11,-37.17131939
2014-06-12,-45.27483019
2014-06-13,-43.91680153
2014-06-16,-46.93295147
2014-06-17,-45.90347512
2014-06-18,-46.91940501
2014-06-19,-46.52991553
2014-06-20,-46.98813337
2014-06-23,-47.39790552
2014-06-24,-52.26506419
2014-06-25,-50.4352077
2014-06-26,-54.31821834
2014-06-27,-48.8242007
2014-06-30,-45.78457435
2014-07-01,-43.1844984
2014-07-02,-41.49753398
2014-07-03,-39.34409513
2014-07-07,-39.65716625
2014-07-08,-40.0766745
2014-07-09,-42.39840463
2014-07-10,-45.70963167
2014-07-11,-49.02138321
2014-07-14,-47.59849559
2014-07-15,-51.25620669
2014-07-16,-50.34184136
2014-07-17,-52.72293168
2014-07-18,-55.31730294
2014-07-21,-57.44636995
2014-07-22,-59.15005799
2014-07-23,-63.77622553
2014-07-24,-68.87502395
2014-07-25,-67.33519172
2014-07-28,-64.90007799
2014-07-29,-61.55853322
2014-07-30,-61.72722436
2014-07-31,-63.86932526
2014-08-01,-66.06471824
2014-08-04,-65.95124028
2014-08-05,-71.98412393
2014-08-06,-64.94199303
2014-08-07,-69.29168243
2014-08-08,-68.03223154
2014-08-11,-64.44695054
2014-08-12,-68.10144619
2014-08-13,-69.21550061
2014-08-14,-64.712395
2014-08-15,-65.81655293
2014-08-18,-66.84237806
2014-08-19,-67.87363568
2014-08-20,-70.38165304
2014-08-21,-70.25850607
2014-08-22,-65.61646835
2014-08-25,-62.11744383
2014-08-26,-52.64765578
2014-08-27,-50.51152551
2014-08-28,-62.45643443
2014-08-29,-63.09122413
2014-09-02,-60.15620507
2014-09-03,-64.53075884
2014-09-04,-65.38756621
2014-09-05,-64.49881687
2014-09-08,-64.31168872
2014-09-09,-67.53579537
2014-09-10,-67.05429833
2014-09-11,-66.65691027
2014-09-12,-73.21561702
2014-09-15,-79.05235415
2014-09-16,-79.90257166
2014-09-17,-79.04859201
2014-09-18,-80.1287373
2014-09-19,-86.10103024
2014-09-22,-83.98461802
2014-09-23,-84.54296969
2014-09-24,-86.01478053
2014-09-25,-89.83383133
2014-09-26,-89.18183763
2014-09-29,-91.28409762
2014-09-30,-97.76313343
2014-10-01,-100.5063999
2014-10-02,-99.62817708
2014-10-03,-95.32254675
2014-10-06,-95.57557091
2014-10-07,-97.29471126
2014-10-08,-99.31297694
2014-10-09,-101.8529393
2014-10-10,-101.5086762
2014-10-13,-95.74197666
2014-10-14,-91.54154035
2014-10-15,-78.24324891
2014-10-16,-80.9528635
2014-10-17,-84.66583198
2014-10-20,-84.64254236
2014-10-21,-88.48293015
2014-10-22,-90.57458888
2014-10-23,-87.22406016
2014-10-24,-90.84333351
2014-10-27,-97.37194122
2014-10-28,-87.55339901
2014-10-29,-92.15658624
2014-10-30,-85.23170895
2014-10-31,-83.91227787
2014-11-03,-91.3648768
2014-11-04,-88.18425984
2014-11-05,-81.91069714
2014-11-06,-86.93706647
2014-11-07,-75.79399604
2014-11-10,-72.11833193
2014-11-11,-80.27525788
2014-11-12,-80.08661547
2014-11-13,-80.60464711
2014-11-14,-76.26367814
2014-11-17,-80.85780306
2014-11-18,-82.29737824
2014-11-19,-79.24980582
2014-11-20,-72.04791484
2014-11-21,-68.43687522
2014-11-24,-66.72277647
2014-11-25,-67.03178086
2014-11-26,-65.99136556
2014-11-28,-69.7104245
2014-12-01,-66.93576475
2014-12-02,-62.63434772
2014-12-03,-56.62316388
2014-12-04,-58.2661255
2014-12-05,-54.29349554
2014-12-08,-56.08273952
2014-12-09,-48.27722355
2014-12-10,-54.24947401
2014-12-11,-54.0035245
2014-12-12,-52.63363692
2014-12-15,-52.25701893
2014-12-16,-51.69483188
2014-12-17,-47.15350455
2014-12-18,-52.40897757
2014-12-19,-52.50220463
2014-12-22,-52.1669385
2014-12-23,-47.48911746
2014-12-24,-42.69603301
2014-12-26,-41.55447362
2014-12-29,-44.25647896
2014-12-30,-36.38651187
2014-12-31,-41.39409733
2015-01-02,-46.25193341
2015-01-05,-53.29669897
2015-01-06,-54.77983345
2015-01-07,-53.7252483
2015-01-08,-53.73987923
2015-01-09,-58.40817059
2015-01-12,-66.07179366
2015-01-13,-62.91272265
2015-01-14,-64.93725417
2015-01-15,-69.25695174
2015-01-16,-70.03796984
2015-01-20,-74.87203121
2015-01-21,-72.27658086
2015-01-22,-72.48238112
2015-01-23,-71.97799221
2015-01-26,-69.03138503
2015-01-27,-74.52571231
2015-01-28,-75.52914969
2015-01-29,-69.64203609
2015-01-30,-72.97178076
2015-02-02,-68.10182719
2015-02-03,-65.72920381
2015-02-04,-70.29342328
2015-02-05,-71.63378454
2015-02-06,-74.07877337
2015-02-09,-74.23307599
2015-02-10,-79.23075254
2015-02-11,-81.77036608
2015-02-12,-90.34132733
2015-02-13,-92.86893726
2015-02-17,-92.29734433
2015-02-18,-91.9387099
2015-02-19,-93.47231238
2015-02-20,-98.8508918
2015-02-23,-106.6947409
2015-02-24,-129.1013902
2015-02-25,-135.8675238
2015-02-26,-140.2124035
2015-02-27,-141.7139692
2015-03-02,-143.7372299
2015-03-03,-146.5236133
2015-03-04,-147.8370362
2015-03-05,-147.8912884
2015-03-06,-148.8605056
2015-03-09,-150.2531212
2015-03-10,-154.4300145
2015-03-11,-151.6569509
2015-03-12,-147.6414992
2015-03-13,-150.5844713
2015-03-16,-155.046954
2015-03-17,-156.9370597
2015-03-18,-151.8996589
2015-03-19,-153.6475372
2015-03-20,-153.3957046
2015-03-23,-150.9792805
2015-03-24,-147.3620675
2015-03-25,-146.1867117
2015-03-26,-145.3525697
2015-03-27,-144.8702432
2015-03-30,-147.4440052
2015-03-31,-149.7682922
2015-04-01,-152.7163154
2015-04-02,-155.0984115
2015-04-06,-148.3013171
2015-04-07,-148.9784032
2015-04-08,-150.8890289
2015-04-09,-155.2595169
2015-04-10,-156.6511475
2015-04-13,-152.8527216
2015-04-14,-151.5100481
2015-04-15,-149.1743084
2015-04-16,-154.327387
2015-04-17,-161.2078555
2015-04-20,-159.6302309
2015-04-21,-163.3665538
2015-04-22,-164.9687504
2015-04-23,-166.0748492
2015-04-24,-163.0006145
2015-04-27,-158.0679529
2015-04-28,-154.2218119
2015-04-29,-159.1589937
2015-04-30,-162.5035826
2015-05-01,-165.4391837
2015-05-04,-165.928146
2015-05-05,-156.0209754
2015-05-06,-171.9427258
2015-05-07,-168.4221623
2015-05-08,-172.3908937
2015-05-11,-170.5951036
2015-05-12,-169.9312407
2015-05-13,-175.6234576
2015-05-14,-171.0023456
2015-05-15,-169.4163944
2015-05-18,-174.8365229
2015-05-19,-175.3449519
2015-05-20,-177.2244256
2015-05-21,-176.7416381
2015-05-22,-179.3046543
2015-05-26,-179.2845637
2015-05-27,-177.4336916
2015-05-28,-179.6639915
2015-05-29,-179.7124358
2015-06-01,-176.8172771
2015-06-02,-177.7663902
2015-06-03,-172.090781
2015-06-04,-173.5381459
2015-06-05,-175.0423948
2015-06-08,-172.8183117
2015-06-09,-173.6313525
2015-06-10,-170.8000478
2015-06-11,-170.0875664
2015-06-12,-170.024094
2015-06-15,-171.4922786
2015-06-16,-173.7173667
2015-06-17,-173.0697191
2015-06-18,-174.9929639
2015-06-19,-172.4140068
2015-06-22,-172.2557484
2015-06-23,-169.3025912
2015-06-24,-168.3206478
2015-06-25,-170.2153428
2015-06-26,-167.952968
2015-06-29,-165.3602484
2015-06-30,-167.8079075
2015-07-01,-173.0923226
2015-07-02,-169.693946
2015-07-06,-172.7344096
2015-07-07,-173.8299196
2015-07-08,-174.5892374
2015-07-09,-177.2515791
2015-07-10,-180.7986526
2015-07-13,-178.1469756
2015-07-14,-178.468099
2015-07-15,-180.4378299
2015-07-16,-180.6621669
2015-07-17,-177.283266
2015-07-20,-184.1862297
2015-07-21,-184.0709807
2015-07-22,-184.6877516
2015-07-23,-192.2386466
2015-07-24,-193.6423855
2015-07-27,-194.4938
2015-07-28,-196.3155995
2015-07-29,-198.8666318
2015-07-30,-202.0459927
2015-07-31,-204.2389367
2015-08-03,-193.9158752
2015-08-04,-177.053181
2015-08-05,-176.5916395
2015-08-06,-176.2878069
2015-08-07,-182.6989996
2015-08-10,-181.831597
2015-08-11,-180.7626412
2015-08-12,-184.4107791
2015-08-13,-183.1593066
2015-08-14,-181.4338075
2015-08-17,-186.1960571
2015-08-18,-184.291368
2015-08-19,-182.225496
2015-08-20,-187.8031421
2015-08-21,-183.952637
2015-08-24,-182.3147753
2015-08-25,-185.6085536
2015-08-26,-182.0205392
2015-08-27,-187.6035279
2015-08-28,-182.3020263
2015-08-31,-176.9108041
2015-09-01,-182.7257475
2015-09-02,-178.7950548
2015-09-03,-178.2985178
2015-09-04,-181.5292526
2015-09-08,-183.9474769
2015-09-09,-180.4251622
2015-09-10,-182.5388508
2015-09-11,-187.7286856
2015-09-14,-188.0970778
2015-09-15,-189.8318767
2015-09-16,-188.4661216
2015-09-17,-187.7668034
2015-09-18,-192.5933364
2015-09-21,-192.4722898
2015-09-22,-190.82802
2015-09-23,-191.9296645
2015-09-24,-187.1515644
2015-09-25,-188.2195593
2015-09-28,-189.6427935
2015-09-29,-185.0069977
2015-09-30,-191.5027811
2015-10-01,-193.0771209
2015-10-02,-192.9044443
2015-10-05,-183.408606
2015-10-06,-177.6968355
2015-10-07,-181.7165146
2015-10-08,-182.2988284
2015-10-09,-181.0347865
2015-10-12,-178.6464183
2015-10-13,-178.168509
2015-10-14,-178.516998
2015-10-15,-184.4095433
2015-10-16,-190.5244273
2015-10-19,-226.4841933
2015-10-20,-221.9160226
2015-10-21,-222.619658
2015-10-22,-222.0390654
2015-10-23,-218.7858641
2015-10-26,-219.6080355
2015-10-27,-226.2214206
2015-10-28,-225.6908259
2015-10-29,-229.1603484
2015-10-30,-227.7088801
2015-11-02,-223.4541633
2015-11-03,-228.7914054
2015-11-04,-229.0962515
2015-11-05,-219.5184187
2015-11-06,-217.0268576
2015-11-09,-219.7341908
2015-11-10,-221.943237
2015-11-11,-218.4648351
2015-11-12,-218.4226348
2015-11-13,-215.4562292
2015-11-16,-219.3176409
2015-11-17,-221.5686254
2015-11-18,-219.5556225
2015-11-19,-214.8520575
2015-11-20,-215.1130779
2015-11-23,-217.3817793
2015-11-24,-217.7594059
2015-11-25,-217.520417
2015-11-27,-220.1487681
2015-11-30,-211.7619618
2015-12-01,-211.425686
2015-12-02,-209.0620857
2015-12-03,-209.0044179
2015-12-04,-213.1935502
2015-12-07,-209.5604883
2015-12-08,-211.3864132
2015-12-09,-213.4086815
2015-12-10,-210.8610292
2015-12-11,-212.3908167
2015-12-14,-217.555071
2015-12-15,-229.7967353
2015-12-16,-223.8009408
2015-12-17,-219.7149495
2015-12-18,-217.2176097
2015-12-21,-222.539019
2015-12-22,-219.5210373
2015-12-23,-218.3538648
2015-12-24,-217.3111295
2015-12-28,-223.9259372
2015-12-29,-221.6855041
2015-12-30,-220.2337978
2015-12-31,-220.2144517
2016-01-04,-220.6726069
2016-01-05,-223.7295631
2016-01-06,-225.1886594
2016-01-07,-224.8577075
2016-01-08,-220.7929099
2016-01-11,-217.71863
2016-01-12,-223.4038558
2016-01-13,-223.0428545
2016-01-14,-223.7479043
2016-01-15,-219.7757426
2016-01-19,-219.8399812
2016-01-20,-225.6259951
2016-01-21,-226.9714949
2016-01-22,-227.9578548
2016-01-25,-228.9404672
2016-01-26,-226.006773
2016-01-27,-225.9926778
2016-01-28,-225.695544
2016-01-29,-221.3524687
2016-02-01,-221.308609
2016-02-02,-218.664082
2016-02-03,-216.0037898
2016-02-04,-210.0279719
2016-02-05,-212.692671
2016-02-08,-208.5666842
2016-02-09,-215.9030974
2016-02-10,-214.5865172
2016-02-11,-213.4936163
2016-02-12,-216.3041751
2016-02-16,-218.9732565
2016-02-17,-212.7682923
2016-02-18,-216.1173342
2016-02-19,-218.0215709
2016-02-22,-218.6135045
2016-02-23,-217.2147473
2016-02-24,-223.0624604
2016-02-25,-227.6108143
2016-02-26,-229.4317011
2016-02-29,-225.2231828
2016-03-01,-225.2232658
2016-03-02,-224.5480788
2016-03-03,-226.6197257
2016-03-04,-224.9108707
2016-03-07,-214.5112031
2016-03-08,-219.6524857
2016-03-09,-218.8060336
2016-03-10,-213.4665664
2016-03-11,-208.2584883
2016-03-14,-213.8556817
2016-03-15,-216.1791127
2016-03-16,-211.0669947
2016-03-17,-209.1794951
2016-03-18,-200.8943598
2016-03-21,-200.3546818
2016-03-22,-202.3288964
2016-03-23,-201.5137647
2016-03-24,-198.7876124
2016-03-28,-205.0300608
2016-03-29,-201.8951454
2016-03-30,-204.2344176
2016-03-31,-198.7671301
2016-04-01,-205.2157707
2016-04-04,-209.4509141
2016-04-05,-204.6201299
2016-04-06,-206.242179
2016-04-07,-200.936463
2016-04-08,-207.4217001
2016-04-11,-202.5497675
2016-04-12,-197.6956478
2016-04-13,-192.1936565
2016-04-14,-193.6995262
2016-04-15,-194.8818875
2016-04-18,-188.4750147
2016-04-19,-188.4907964
2016-04-20,-194.8770632
2016-04-21,-196.7901996
2016-04-22,-198.062242
2016-04-25,-200.9068239
2016-04-26,-195.3755601
2016-04-27,-195.1239775
2016-04-28,-202.6697718
2016-04-29,-198.0556519
2016-05-02,-197.5414259
2016-05-03,-197.8283214
2016-05-04,-197.5761136
2016-05-05,-197.4323509
2016-05-06,-199.2083396
2016-05-09,-201.1725348
2016-05-10,-201.0884164
2016-05-11,-200.5659933
2016-05-12,-203.9345779
2016-05-13,-203.2657051
2016-05-16,-204.4264801
2016-05-17,-211.0153874
2016-05-18,-210.3021029
2016-05-19,-208.6043964
2016-05-20,-205.5695559
2016-05-23,-209.760745
2016-05-24,-206.5625518
2016-05-25,-207.1505505
2016-05-26,-208.324777
2016-05-27,-201.0371962
2016-05-31,-200.9519499
2016-06-01,-199.2893421
2016-06-02,-200.8754487
2016-06-03,-199.6195147
2016-06-06,-193.3621459
2016-06-07,-195.3005197
2016-06-08,-188.7162933
2016-06-09,-201.0935905
2016-06-10,-199.974839
2016-06-13,-197.1532256
2016-06-14,-190.6098375
2016-06-15,-195.100258
2016-06-16,-187.1341765
2016-06-17,-184.2250583
2016-06-20,-185.6162448
2016-06-21,-188.3388709
2016-06-22,-191.4268833
2016-06-23,-191.8496991
2016-06-24,-193.4018007
2016-06-27,-197.3460075
2016-06-28,-198.1922089
2016-06-29,-199.5464272
2016-06-30,-202.1443171
2016-07-01,-204.8347725
2016-07-05,-205.2147042
2016-07-06,-209.2787327
2016-07-07,-204.398676
2016-07-08,-199.645569
2016-07-11,-198.0497956
2016-07-12,-195.084964
2016-07-13,-197.3854779
2016-07-14,-200.0907022
2016-07-15,-199.3872989
2016-07-18,-202.072273
2016-07-19,-206.4509202
2016-07-20,-214.5581125
2016-07-21,-211.5119821
2016-07-22,-213.7519686
2016-07-25,-214.4614805
2016-07-26,-215.0720685
2016-07-27,-216.7760144
2016-07-28,-216.5961408
2016-07-29,-217.791389
2016-08-01,-218.7109928
2016-08-02,-217.3376107
2016-08-03,-216.4873373
2016-08-04,-238.6667048
2016-08-05,-237.6713211
2016-08-08,-234.5112323
2016-08-09,-235.7953777
2016-08-10,-234.128293
2016-08-11,-234.2688516
2016-08-12,-236.8944977
2016-08-15,-233.2840617
2016-08-16,-236.4777592
2016-08-17,-238.5052496
2016-08-18,-236.3442369
2016-08-19,-237.0313318
2016-08-22,-239.7277644
2016-08-23,-239.4878673
2016-08-24,-238.4576969
2016-08-25,-239.389715
2016-08-26,-239.1979008
2016-08-29,-241.2917102
2016-08-30,-240.8553145
2016-08-31,-240.9993264
2016-09-01,-241.2149121
2016-09-02,-242.9238799
2016-09-06,-242.2949565
2016-09-07,-243.1846905
2016-09-08,-243.7889699
2016-09-09,-243.9663924
2016-09-12,-244.132749
2016-09-13,-239.7114523
2016-09-14,-240.8593171
2016-09-15,-244.5223947
2016-09-16,-245.5414065
2016-09-19,-245.3746929
2016-09-20,-247.698514
2016-09-21,-250.8940203
2016-09-22,-249.1381058
2016-09-23,-250.6701927
2016-09-26,-252.4129232
2016-09-27,-252.9057454
2016-09-28,-254.1248434
2016-09-29,-252.1920459
2016-09-30,-256.1369973
2016-10-03,-256.013102
2016-10-04,-254.460849
2016-10-05,-254.140215
2016-10-06,-252.4714776
2016-10-07,-253.3511131
2016-10-10,-249.8679008
2016-10-11,-249.2067528
2016-10-12,-249.0825933
2016-10-13,-249.5065123
2016-10-14,-245.6223355
2016-10-17,-242.8112355
2016-10-18,-244.5609167
2016-10-19,-243.9630801
2016-10-20,-246.5249725
2016-10-21,-244.5710306
2016-10-24,-244.1077777
2016-10-25,-244.7735245
2016-10-26,-245.6401522
2016-10-27,-244.3176306
2016-10-28,-242.1413057
2016-10-31,-246.1276407
2016-11-01,-245.4639635
2016-11-02,-254.2064187
2016-11-03,-254.1021639
2016-11-04,-257.4968167
2016-11-07,-256.194231
2016-11-08,-248.366248
2016-11-09,-242.4143826
2016-11-10,-238.8851864
2016-11-11,-240.5073818
2016-11-14,-239.2580045
2016-11-15,-233.9339518
2016-11-16,-235.0088244
2016-11-17,-234.4844099
2016-11-18,-236.2477088
2016-11-21,-233.9002004
2016-11-22,-234.2598433
2016-11-23,-234.0827929
2016-11-25,-236.9273006
2016-11-28,-237.6467583
2016-11-29,-240.2731371
2016-11-30,-245.2338572
2016-12-01,-243.0268063
2016-12-02,-243.2809607
2016-12-05,-243.1292839
2016-12-06,-240.6717928
2016-12-07,-233.299222
2016-12-08,-240.9659418
2016-12-09,-240.4127631
2016-12-12,-240.7267737
2016-12-13,-244.7374097
2016-12-14,-242.7913998
2016-12-15,-248.6979112
2016-12-16,-246.8867486
2016-12-19,-251.6857328
2016-12-20,-240.4290064
2016-12-21,-249.1517679
2016-12-22,-245.8627173
2016-12-23,-242.764638
2016-12-27,-250.2090517
2016-12-28,-250.930163
2016-12-29,-256.8401405
2016-12-30,-257.2039991
2017-01-03,-249.8401376
2017-01-04,-246.6032402
2017-01-05,-252.5135292
2017-01-06,-253.903482
2017-01-09,-257.5447928
2017-01-10,-255.2768468
2017-01-11,-256.5611578
2017-01-12,-256.7446928
2017-01-13,-254.7408149
2017-01-17,-257.1930002
2017-01-18,-251.6626905
2017-01-19,-252.3177541
2017-01-20,-251.2884899
2017-01-23,-252.7592679
2017-01-24,-242.8289827
2017-01-25,-244.1246442
2017-01-26,-240.9549775
2017-01-27,-237.5241322
2017-01-30,-239.1827387
2017-01-31,-240.2502283
2017-02-01,-242.4810521
2017-02-02,-248.7010809
2017-02-03,-246.5117626
2017-02-06,-253.440907
2017-02-07,-254.9040426
2017-02-08,-251.0926011
2017-02-09,-252.4791838
2017-02-10,-252.5548776
2017-02-13,-252.5548811
2017-02-14,-255.9499742
2017-02-15,-255.2311802
2017-02-16,-257.9218171
2017-02-17,-258.801103
2017-02-21,-263.6581962
2017-02-22,-269.3751308
2017-02-23,-272.4154205
2017-02-24,-275.1709738
2017-02-27,-279.1994978
2017-02-28,-279.3964449
2017-03-01,-278.8333105
2017-03-02,-273.9449279
2017-03-03,-276.3075143
2017-03-06,-269.8624777
2017-03-07,-272.953127
2017-03-08,-279.093125
2017-03-09,-281.4357698
2017-03-10,-279.194409
2017-03-13,-285.0639468
2017-03-14,-286.6120456
2017-03-15,-285.58131
2017-03-16,-278.7961434
2017-03-17,-284.1160862
2017-03-20,-291.1774433
2017-03-21,-290.4759319
2017-03-22,-291.3700355
2017-03-23,-288.418313
2017-03-24,-281.8996217
2017-03-27,-284.9649026
2017-03-28,-287.7044205
2017-03-29,-280.8229846
2017-03-30,-282.6220601
2017-03-31,-294.9222355
2017-04-03,-291.0165742
2017-04-04,-289.3720024
2017-04-05,-289.4880153
2017-04-06,-284.9669058
2017-04-07,-275.5698128
2017-04-10,-279.263127
2017-04-11,-281.3631573
2017-04-12,-283.3143228
2017-04-13,-282.7602888
2017-04-17,-282.1737718
2017-04-18,-282.3046237
2017-04-19,-283.7973675
2017-04-20,-286.199297
2017-04-21,-286.2672022
2017-04-24,-286.4613504
2017-04-25,-287.5878094
2017-04-26,-281.6255199
2017-04-27,-282.6294058
2017-04-28,-288.2676943
2017-05-01,-288.6946929
2017-05-02,-285.2185215
2017-05-03,-285.2114954
2017-05-04,-290.1304946
2017-05-05,-295.055743
2017-05-08,-292.1260393
2017-05-09,-295.9058884
2017-05-10,-295.2538598
2017-05-11,-286.4163294
2017-05-12,-282.0950434
2017-05-15,-281.9724232
2017-05-16,-291.8128722
2017-05-17,-291.61507
2017-05-18,-291.9088582
2017-05-19,-294.1031745
2017-05-22,-294.8908664
2017-05-23,-300.3256092
2017-05-24,-307.7714374
2017-05-25,-310.6405291
2017-05-26,-303.7361769
2017-05-30,-300.7648108
2017-05-31,-304.5946242
2017-06-01,-307.4567102
2017-06-02,-306.1449674
2017-06-05,-308.4889088
2017-06-06,-305.3004067
2017-06-07,-309.4145785
2017-06-08,-310.1746095
2017-06-09,-308.2460077
2017-06-12,-311.2137749
2017-06-13,-311.6807674
2017-06-14,-314.1549779
2017-06-15,-316.014135
2017-06-16,-324.5500175
2017-06-19,-322.5052216
2017-06-20,-320.8532457
2017-06-21,-320.5367529
2017-06-22,-321.1662199
2017-06-23,-319.3075078
2017-06-26,-318.52674
2017-06-27,-312.4867426
2017-06-28,-314.9103388
2017-06-29,-310.4027715
2017-06-30,-310.4580527
2017-07-03,-311.2656482
2017-07-05,-313.4195684
2017-07-06,-312.1413476
2017-07-07,-314.2828822
2017-07-10,-314.0075805
2017-07-11,-314.4871908
2017-07-12,-313.1762812
2017-07-13,-311.8617656
2017-07-14,-312.8482532
2017-07-17,-312.9358878
2017-07-18,-314.8865058
2017-07-19,-318.5327554
2017-07-20,-317.7997542
2017-07-21,-322.053769
2017-07-24,-320.5175799
2017-07-25,-321.2643145
2017-07-26,-323.4869021
2017-07-27,-320.2322661
2017-07-28,-324.8609474
2017-07-31,-325.0534904
2017-08-01,-324.3085859
2017-08-02,-330.3335611
2017-08-03,-331.4466362
2017-08-04,-329.8669775
2017-08-07,-329.8145329
2017-08-08,-330.1862774
2017-08-09,-333.6386908
2017-08-10,-329.8920359
2017-08-11,-327.1218754
2017-08-14,-319.4288113
2017-08-15,-320.4002123
2017-08-16,-325.3555617
2017-08-17,-322.9603098
2017-08-18,-322.9152578
2017-08-21,-325.1961404
2017-08-22,-330.2475927
2017-08-23,-330.6668897
2017-08-24,-328.9184529
2017-08-25,-327.2515123
2017-08-28,-326.1630629
2017-08-29,-321.8899224
2017-08-30,-325.8680819
2017-08-31,-324.2555131
2017-09-01,-325.5004231
2017-09-05,-326.6026717
2017-09-06,-327.0902611
2017-09-07,-313.1929037
2017-09-08,-318.8810469
2017-09-11,-319.5243676
2017-09-12,-315.7399863
2017-09-13,-310.3288466
2017-09-14,-309.1611627
2017-09-15,-304.845509
2017-09-18,-298.2893582
2017-09-19,-306.1946119
2017-09-20,-311.3702243
2017-09-21,-313.0494739
2017-09-22,-312.455826
2017-09-25,-315.2360142
2017-09-26,-312.6191953
2017-09-27,-309.6192573
2017-09-28,-309.4208926
2017-09-29,-312.7657289
2017-10-02,-311.8341287
2017-10-03,-310.2779189
2017-10-04,-309.6078165
2017-10-05,-313.8528576
2017-10-06,-305.5602687
2017-10-09,-308.5134929
2017-10-10,-306.8350013
2017-10-11,-306.6392094
2017-10-12,-309.3288491
2017-10-13,-306.4272068
2017-10-16,-306.2023904
2017-10-17,-308.0238824
2017-10-18,-309.3073043
2017-10-19,-307.9231267
2017-10-20,-311.643887
2017-10-23,-315.1657782
2017-10-24,-318.2741932
2017-10-25,-313.2917973
2017-10-26,-310.9978296
2017-10-27,-312.6710349
2017-10-30,-315.4107955
2017-10-31,-314.8825824
2017-11-01,-313.0891885
2017-11-02,-312.8691434
2017-11-03,-315.889513
2017-11-06,-313.5288822
2017-11-07,-321.5062361
2017-11-08,-328.1823792
2017-11-09,-325.1915527
2017-11-10,-322.851771
2017-11-13,-332.8169751
2017-11-14,-334.4715372
2017-11-15,-330.038901
2017-11-16,-332.7902375
2017-11-17,-330.4968735
2017-11-20,-325.3938214
2017-11-21,-325.69358
2017-11-22,-326.035581
2017-11-24,-322.7000912
2017-11-27,-324.6465246
2017-11-28,-321.1686785
2017-11-29,-323.2107313
2017-11-30,-326.0601803
2017-12-01,-323.6950176
2017-12-04,-316.4353773
2017-12-05,-314.9453316
2017-12-06,-317.0982303
2017-12-07,-320.734183
2017-12-08,-319.7801121
2017-12-11,-321.1191487
2017-12-12,-318.1319037
2017-12-13,-304.1437306
2017-12-14,-317.2702998
2017-12-15,-318.5789026
2017-12-18,-318.0082458
2017-12-19,-321.9945371
2017-12-20,-317.7142614
2017-12-21,-317.0104306
2017-12-22,-318.484947
2017-12-26,-319.8282262
2017-12-27,-320.9676857
2017-12-28,-321.9676694
2017-12-29,-321.6413272
2018-01-02,-326.5764532
2018-01-03,-332.4094158
2018-01-04,-334.633396
2018-01-05,-335.3373025
2018-01-08,-337.429327
2018-01-09,-339.2788857
2018-01-10,-339.9470227
2018-01-11,-335.0504266
2018-01-12,-334.0213618
2018-01-16,-331.5822125
2018-01-17,-336.032643
2018-01-18,-337.709823
2018-01-19,-342.540946
2018-01-22,-343.4574631
2018-01-23,-348.1378304
2018-01-24,-348.2921149
2018-01-25,-348.4903207
2018-01-26,-347.7017522
2018-01-29,-346.8486601
2018-01-30,-351.6552554
2018-01-31,-350.5450671
2018-02-01,-354.8388164
2018-02-02,-354.4782827
2018-02-05,-352.4023566
2018-02-06,-350.3988291
2018-02-07,-350.8421242
2018-02-08,-345.6028725
2018-02-09,-345.7685773
2018-02-12,-350.7261556
2018-02-13,-349.0571351
2018-02-14,-349.249959
2018-02-15,-352.7056767
2018-02-16,-353.5886308
2018-02-20,-354.7061471
2018-02-21,-353.6815425
2018-02-22,-351.454045
2018-02-23,-356.8811485
2018-02-26,-353.8647297
2018-02-27,-352.1913404
2018-02-28,-354.6278801
2018-03-01,-355.0719313
2018-03-02,-353.8473082
2018-03-05,-353.4110881
2018-03-06,-357.8421096
2018-03-07,-358.9138185
2018-03-08,-355.8261556
2018-03-09,-356.7953443
2018-03-12,-352.8254697
2018-03-13,-350.9526326
2018-03-14,-341.6986205
2018-03-15,-341.7461514
2018-03-16,-344.074502
2018-03-19,-340.7120814
2018-03-20,-341.9132397
2018-03-21,-348.8354718
2018-03-22,-353.3437459
2018-03-23,-353.6452257
2018-03-26,-360.6310145
2018-03-27,-358.5781589
2018-03-28,-358.6314924
2018-03-29,-352.8435509
2018-04-02,-350.1321492
2018-04-03,-357.6877942
2018-04-04,-355.8817912
2018-04-05,-358.1795944
2018-04-06,-354.3803874
2018-04-09,-349.6214417
2018-04-10,-347.2328303
2018-04-11,-349.5101538
2018-04-12,-351.9941702
2018-04-13,-353.7171739
2018-04-16,-357.4627299
2018-04-17,-364.4735297
2018-04-18,-370.1107633
2018-04-19,-363.8038535
2018-04-20,-361.7933498
2018-04-23,-362.2278232
2018-04-24,-363.8108244
2018-04-25,-362.2322762
2018-04-26,-361.7135639
2018-04-27,-359.3371914
2018-04-30,-358.062772
2018-05-01,-364.2059086
2018-05-02,-353.3897707
2018-05-03,-352.6556761
2018-05-04,-357.4233687
2018-05-07,-354.2565031
2018-05-08,-356.1523299
2018-05-09,-358.4888361
2018-05-10,-362.3222167
2018-05-11,-360.6432823
2018-05-14,-365.8469115
2018-05-15,-365.5207123
2018-05-16,-367.052845
2018-05-17,-370.2177393
2018-05-18,-372.2150349
2018-05-21,-369.2932215
2018-05-22,-368.3398423
2018-05-23,-375.953175
2018-05-24,-373.141115
2018-05-25,-369.522419
2018-05-29,-369.6540794
2018-05-30,-371.8494466
2018-05-31,-370.0555076
2018-06-01,-366.9177912
2018-06-04,-367.1726425
2018-06-05,-364.3962773
2018-06-06,-368.1295738
2018-06-07,-367.8839659
2018-06-08,-369.8318342
2018-06-11,-370.0083359
2018-06-12,-369.6699993
2018-06-13,-374.3206385
2018-06-14,-378.8224173
2018-06-15,-379.9649193
2018-06-18,-379.0997472
2018-06-19,-375.7720871
2018-06-20,-375.9094889
2018-06-21,-379.3279296
2018-06-22,-372.4468644
2018-06-25,-368.8470039
2018-06-26,-365.0881863
2018-06-27,-361.376481
2018-06-28,-365.3922437
2018-06-29,-365.4861992
2018-07-02,-366.508375
2018-07-03,-364.373938
2018-07-05,-366.5855171
2018-07-06,-369.9176237
2018-07-09,-368.3975935
2018-07-10,-367.0544127
2018-07-11,-368.0768819
2018-07-12,-367.8823044
2018-07-13,-366.9150082
2018-07-16,-368.9700553
2018-07-17,-370.8360006
2018-07-18,-370.6660272
2018-07-19,-366.4132253
2018-07-20,-361.6884392
2018-07-23,-360.1088349
2018-07-24,-361.4918365
2018-07-25,-369.1108716
2018-07-26,-368.6688622
2018-07-27,-366.7530812
2018-07-30,-369.2534424
2018-07-31,-366.7968052
2018-08-01,-367.1964066
2018-08-02,-371.8500969
2018-08-03,-374.593116
2018-08-06,-368.7973207
2018-08-07,-373.4006518
2018-08-08,-371.1479804
2018-08-09,-372.1492305
2018-08-10,-375.591982
2018-08-13,-372.56412
2018-08-14,-375.7973802
2018-08-15,-376.8896157
2018-08-16,-373.6639077
2018-08-17,-377.1904472
2018-08-20,-381.3375421
2018-08-21,-382.7388242
2018-08-22,-376.0534331
2018-08-23,-368.3918314
2018-08-24,-373.1270577
2018-08-27,-379.7894426
2018-08-28,-381.2903967
2018-08-29,-381.8162397
2018-08-30,-386.7238034
2018-08-31,-384.0222527
2018-09-04,-385.874126
2018-09-05,-382.2894508
2018-09-06,-372.2326318
2018-09-07,-369.662705
2018-09-10,-363.644066
2018-09-11,-365.2395596
2018-09-12,-365.4399226
2018-09-13,-366.0188031
2018-09-14,-363.1329491
2018-09-17,-361.8498379
2018-09-18,-363.7666116
2018-09-19,-360.8243607
2018-09-20,-358.2557995
2018-09-21,-350.2665858
2018-09-24,-349.995988
2018-09-25,-349.3729547
2018-09-26,-345.5512582
2018-09-27,-346.8641497
2018-09-28,-342.7320004
2018-10-01,-338.3677462
2018-10-02,-337.8550695
2018-10-03,-341.4746283
2018-10-04,-337.0798147
2018-10-05,-337.2802671
2018-10-08,-332.8159119
2018-10-09,-332.0253916
2018-10-10,-320.4137487
2018-10-11,-319.8961775
2018-10-12,-327.9198771
2018-10-15,-328.7659563
2018-10-16,-329.1251959
2018-10-17,-332.1346188
2018-10-18,-333.1806536
2018-10-19,-335.6254822
2018-10-22,-333.345655
2018-10-23,-326.0250087
2018-10-24,-322.0030275
2018-10-25,-326.8118493
2018-10-26,-321.7649803
2018-10-29,-319.0407623
2018-10-30,-320.383859
2018-10-31,-322.3947093
2018-11-01,-323.2096503
2018-11-02,-319.8706861
2018-11-05,-322.1214123
2018-11-06,-296.6348228
2018-11-07,-279.5903112
2018-11-08,-279.3740892
2018-11-09,-271.610554
2018-11-12,-259.3903162
2018-11-13,-272.376336
2018-11-14,-274.8261943
2018-11-15,-272.3369522
2018-11-16,-270.3675982
2018-11-19,-265.034358
2018-11-20,-263.2290473
2018-11-21,-262.736296
2018-11-23,-263.6883722
2018-11-26,-262.5767853
2018-11-27,-260.9081761
2018-11-28,-251.9281261
2018-11-29,-261.6419082
2018-11-30,-255.1184654
2018-12-03,-256.3470567
2018-12-04,-256.1960669
2018-12-06,-260.7485329
2018-12-07,-254.030694
2018-12-10,-251.7278967
2018-12-11,-250.4297612
2018-12-12,-240.8069934
2018-12-13,-240.5833598
2018-12-14,-240.9809299
2018-12-17,-239.8415112
2018-12-18,-244.2069881
2018-12-19,-242.8956973
2018-12-20,-243.6252398
2018-12-21,-252.1971979
2018-12-24,-250.1562577
2018-12-26,-255.1757981
2018-12-27,-256.3980613
2018-12-28,-257.2424623
2018-12-31,-257.4506378
2019-01-02,-254.2848616
2019-01-03,-249.843089
2019-01-04,-249.4032595
2019-01-07,-249.5126902
2019-01-08,-247.6853933
2019-01-09,-249.5293549
2019-01-10,-250.9647242
2019-01-11,-251.5060908
2019-01-14,-255.7606293
2019-01-15,-261.2564975
2019-01-16,-253.6738558
2019-01-17,-250.0587208
2019-01-18,-255.4780708
2019-01-22,-256.1100896
2019-01-23,-254.8063855
2019-01-24,-253.6316238
2019-01-25,-256.8046615
2019-01-28,-254.6954761
2019-01-29,-257.4989362
2019-01-30,-266.7489842
2019-01-31,-265.9781528
2019-02-01,-266.4372654
2019-02-04,-271.2570958
2019-02-05,-274.1393773
2019-02-06,-274.9932636
2019-02-07,-278.6985193
2019-02-08,-277.7543768
2019-02-11,-277.6820762
2019-02-12,-278.3631859
2019-02-13,-280.4120402
2019-02-14,-276.9337425
2019-02-15,-277.4975367
2019-02-19,-271.411892
2019-02-20,-263.9574733
2019-02-21,-250.51014
2019-02-22,-252.4377116
2019-02-25,-248.6842239
2019-02-26,-244.1509543
2019-02-27,-233.1079362
2019-02-28,-228.4108279
2019-03-01,-235.7707143
2019-03-04,-241.3235161
2019-03-05,-246.5181402
2019-03-06,-243.8940323
2019-03-07,-240.6797899
2019-03-08,-240.1971438
2019-03-11,-248.1736209
2019-03-12,-247.918058
2019-03-13,-250.5423353
2019-03-14,-253.2155739
2019-03-15,-248.5549104
2019-03-18,-246.1286095
2019-03-19,-244.9642598
2019-03-20,-233.7898046
2019-03-21,-232.4570259
2019-03-22,-221.9675733
2019-03-25,-223.3200988
2019-03-26,-232.5023084
2019-03-27,-228.737675
2019-03-28,-234.1287675
2019-03-29,-238.1726311
2019-04-01,-239.2164699
2019-04-02,-236.1362056
2019-04-03,-233.6092876
2019-04-04,-224.0506775
2019-04-05,-231.1512964
2019-04-08,-228.4452401
2019-04-09,-227.9919481
2019-04-10,-223.8848349
2019-04-11,-227.1059412
2019-04-12,-230.2681737
2019-04-15,-229.7181617
2019-04-16,-230.007715
2019-04-17,-229.8724936
2019-04-18,-224.6719637
2019-04-22,-224.4952968
2019-04-23,-232.0479781
2019-04-24,-231.1161769
2019-04-25,-231.9569897
2019-04-26,-237.5305906
2019-04-29,-238.0614432
2019-04-30,-213.3596718
2019-05-01,-197.2999233
2019-05-02,-189.1352003
2019-05-03,-182.9101694
2019-05-06,-190.7992152
2019-05-07,-194.7207597
2019-05-08,-187.3709698
2019-05-09,-179.504745
2019-05-10,-181.4610276
2019-05-13,-183.0337199
2019-05-14,-185.8711175
2019-05-15,-180.5066152
2019-05-16,-177.8691219
2019-05-17,-179.5236449
2019-05-20,-179.1507523
2019-05-21,-178.963911
2019-05-22,-185.7786484
2019-05-23,-189.1623915
2019-05-24,-187.3791072
2019-05-28,-183.9367493
2019-05-29,-170.7570257
2019-05-30,-166.362069
2019-05-31,-167.1570603
2019-06-03,-167.1580853
2019-06-04,-165.8202796
2019-06-05,-162.2883484
2019-06-06,-173.0393788
2019-06-07,-174.6126714
2019-06-10,-172.9670997
2019-06-11,-172.2677535
2019-06-12,-176.309665
2019-06-13,-179.9493369
2019-06-14,-187.5131226
2019-06-17,-188.1447287
2019-06-18,-189.0332185
2019-06-19,-188.1986091
2019-06-20,-179.5628305
2019-06-21,-173.4499311
2019-06-24,-182.8306612
2019-06-25,-174.9275337
2019-06-26,-174.4669954
2019-06-27,-179.6882266
2019-06-28,-178.9074047
2019-07-01,-167.8718557
2019-07-02,-166.8646402
2019-07-03,-166.1235437
2019-07-05,-174.745689
2019-07-08,-179.8771475
2019-07-09,-179.5700621
2019-07-10,-172.3676181
2019-07-11,-165.302843
2019-07-12,-155.0197621
2019-07-15,-185.4002667
2019-07-16,-183.4758759
2019-07-17,-177.5978212
2019-07-18,-174.5547124
2019-07-19,-173.6313446
2019-07-22,-185.6879817
2019-07-23,-183.8842471
2019-07-24,-183.2441253
2019-07-25,-187.2930268
2019-07-26,-195.0593597
2019-07-29,-199.3100742
2019-07-30,-192.3494922
2019-07-31,-183.6437732
2019-08-01,-180.4829215
2019-08-02,-160.9519832
2019-08-05,-186.4139765
2019-08-06,-178.1113326
2019-08-07,-180.9217911
2019-08-08,-173.0938186
2019-08-09,-172.888458
2019-08-12,-174.9384936
2019-08-13,-181.1221842
2019-08-14,-178.0914563
2019-08-15,-178.3417008
2019-08-16,-182.8285253
2019-08-19,-182.635614
2019-08-20,-180.8979087
2019-08-21,-161.9578972
2019-08-22,-160.5504859
2019-08-23,-160.3202112
2019-08-26,-157.7549438
2019-08-27,-158.2991061
2019-08-28,-158.6589074
2019-08-29,-164.8804964
2019-08-30,-163.0471641
2019-09-03,-165.9659004
2019-09-04,-173.0955859
2019-09-05,-177.5420955
2019-09-06,-196.0581014
2019-09-09,-213.4938602
2019-09-10,-220.9287223
2019-09-11,-211.3428077
2019-09-12,-208.0710938
2019-09-13,-201.4569904
2019-09-16,-207.0501065
2019-09-17,-201.4254767
2019-09-18,-201.7328927
2019-09-19,-204.6374211
2019-09-20,-200.5367241
2019-09-23,-208.4927488
2019-09-24,-207.4084247
2019-09-25,-200.6331441
2019-09-26,-206.4078837
2019-09-27,-196.5370724
2019-09-30,-192.0038851
2019-10-01,-191.1842102
2019-10-02,-181.3647947
2019-10-03,-188.9132994
2019-10-04,-190.9322533
2019-10-07,-194.5725168
2019-10-08,-194.0576838
2019-10-09,-196.2866276
2019-10-10,-201.495155
2019-10-11,-203.5269448
2019-10-14,-202.2399592
2019-10-15,-194.0572701
2019-10-16,-185.9116304
2019-10-17,-190.1081459
2019-10-18,-187.9250837
2019-10-21,-190.5197885
2019-10-22,-189.2748708
2019-10-23,-192.5346516
2019-10-24,-200.5526109
2019-10-25,-199.9993761
2019-10-28,-201.1709588
2019-10-29,-199.629347
2019-10-30,-199.5484243
2019-10-31,-198.9645092
2019-11-01,-202.6346255
2019-11-04,-213.9538795
2019-11-05,-230.1666316
2019-11-06,-239.972247
2019-11-07,-242.0067999
2019-11-08,-246.4387969
2019-11-11,-242.7876699
2019-11-12,-237.4465742
2019-11-13,-235.6538899
2019-11-14,-229.4027058
2019-11-15,-232.9447491
2019-11-18,-231.0120276
2019-11-19,-231.5114717
2019-11-20,-233.9519439
2019-11-21,-232.1825818
2019-11-22,-233.4267096
2019-11-25,-226.8355043
2019-11-26,-217.0446952
2019-11-27,-215.6562063
2019-11-29,-220.4997981
2019-12-02,-220.1090517
2019-12-03,-214.5308459
2019-12-04,-220.122788
2019-12-05,-206.0012623
2019-12-06,-202.2096195
2019-12-09,-195.2250807
2019-12-10,-188.9889138
2019-12-11,-187.0992997
2019-12-12,-195.0368473
2019-12-13,-196.1600764
2019-12-16,-201.5522176
2019-12-17,-199.359415
2019-12-18,-204.7538362
2019-12-19,-207.4689161
2019-12-20,-209.7973736
2019-12-23,-211.2118838
2019-12-24,-210.6083398
2019-12-26,-214.1312165
2019-12-27,-223.3692674
2019-12-30,-223.9704886
2019-12-31,-217.8197352
2020-01-02,-208.914299
2020-01-03,-204.7638825
2020-01-06,-199.2301526
2020-01-07,-209.873283
2020-01-08,-206.1905205
2020-01-09,-213.0068669
2020-01-10,-209.5161454
2020-01-13,-212.1133723
2020-01-14,-215.9784281
2020-01-15,-222.4399872
2020-01-16,-223.2661569
2020-01-17,-221.8550817
2020-01-21,-223.7791401
2020-01-22,-224.530011
2020-01-23,-221.7964422
2020-01-24,-229.8120742
2020-01-27,-228.4271265
2020-01-28,-230.8253597
2020-01-29,-237.0110861
2020-01-30,-236.0465318
2020-01-31,-240.9185207
2020-02-03,-237.0959376
2020-02-04,-244.3965331
2020-02-05,-237.3000925
2020-02-06,-234.4005154
2020-02-07,-241.4927505
2020-02-10,-248.2602861
2020-02-11,-253.8594349
2020-02-12,-259.767739
2020-02-13,-257.5955509
2020-02-14,-264.8866209
2020-02-18,-270.0827196
2020-02-19,-243.7277018
2020-02-20,-268.0744821
2020-02-21,-262.1775367
2020-02-24,-247.1905582
2020-02-25,-247.1148618
2020-02-26,-250.9152473
2020-02-27,-234.7534602
2020-02-28,-227.8685262
2020-03-02,-229.4990643
2020-03-03,-225.176945
2020-03-04,-226.0119488
2020-03-05,-211.9205881
2020-03-06,-215.0539776
2020-03-09,-211.2730496
2020-03-10,-225.1367352
2020-03-11,-223.7285222
2020-03-12,-236.7222819
2020-03-13,-217.52923
2020-03-16,-190.6364689
2020-03-17,-179.8650733
2020-03-18,-182.1724462
2020-03-19,-162.4134105
2020-03-20,-143.026245
2020-03-23,-165.1516626
2020-03-24,-174.4704608
2020-03-25,-190.2217064
2020-03-26,-186.2230347
2020-03-27,-173.9993792
2020-03-30,-172.89689
2020-03-31,-162.6169471
2020-04-01,-167.4125335
2020-04-02,-172.2222681
2020-04-03,-174.0353704
2020-04-06,-194.2391133
2020-04-07,-195.2113206
2020-04-08,-193.2222904
2020-04-09,-184.6826205
2020-04-13,-188.2601897
2020-04-14,-200.6377702
2020-04-15,-208.9127809
2020-04-16,-226.4730747
2020-04-17,-220.8834531
2020-04-20,-228.620531
2020-04-21,-229.6108148
2020-04-22,-232.1402204
2020-04-23,-230.9021637
2020-04-24,-235.7575279
2020-04-27,-230.8084871
2020-04-28,-208.6362161
2020-04-29,-217.6820401
2020-04-30,-218.7993497
2020-05-01,-222.2830598
2020-05-04,-227.1064856
2020-05-05,-200.8866574
2020-05-06,-213.1851292
2020-05-07,-218.2768853
2020-05-08,-230.6030519
2020-05-11,-209.8656554
2020-05-12,-217.0776848
2020-05-13,-230.325028
2020-05-14,-244.1455338
2020-05-15,-252.5364289
2020-05-18,-247.5023684
2020-05-19,-237.9021626
2020-05-20,-236.7949511
2020-05-21,-239.6515604
2020-05-22,-238.2426416
2020-05-26,-231.5966937
2020-05-27,-234.1552286
2020-05-28,-237.9417513
2020-05-29,-245.0150165
2020-06-01,-248.1483184
2020-06-02,-244.6211786
2020-06-03,-237.4442192
2020-06-04,-242.1191039
2020-06-05,-237.2062902
2020-06-08,-229.4187494
2020-06-09,-228.1542964
2020-06-10,-232.5783953
2020-06-11,-245.8420881
2020-06-12,-255.8754947
2020-06-15,-251.8707393
2020-06-16,-255.2058195
2020-06-17,-255.5360965
2020-06-18,-251.5594895
2020-06-19,-253.4870866
2020-06-22,-257.489998
2020-06-23,-257.2988896
2020-06-24,-257.0482103
2020-06-25,-257.8344264
2020-06-26,-265.7723001
2020-06-29,-255.2788414
2020-06-30,-257.8572176
2020-07-01,-263.8137232
2020-07-02,-275.3414312
2020-07-06,-276.8522273
2020-07-07,-277.3783769
2020-07-08,-281.8602486
2020-07-09,-289.1980915
2020-07-10,-291.0530659
2020-07-13,-289.6219066
2020-07-14,-290.4413858
2020-07-15,-281.6602123
2020-07-16,-277.6071566
2020-07-17,-279.4159448
2020-07-20,-291.2443181
2020-07-21,-286.176948
2020-07-22,-295.2496668
2020-07-23,-291.4152381
2020-07-24,-292.2301527
2020-07-27,-293.7241934
2020-07-28,-293.6541708
2020-07-29,-293.7960167
2020-07-30,-302.1794552
2020-07-31,-299.8370352
2020-08-03,-293.1556936
2020-08-04,-265.7300753
2020-08-05,-267.9823524
2020-08-06,-274.7519003
2020-08-07,-271.6520393
2020-08-10,-265.4710896
2020-08-11,-255.1181854
2020-08-12,-253.0246382
2020-08-13,-259.3737249
2020-08-14,-263.2952045
2020-08-17,-268.3148575
2020-08-18,-272.0659332
2020-08-19,-279.28275
2020-08-20,-283.2145241
2020-08-21,-275.9003619
2020-08-24,-276.4034527
2020-08-25,-284.4966851
2020-08-26,-283.7455477
2020-08-27,-286.0380314
2020-08-28,-288.1195046
2020-08-31,-290.6384085
2020-09-01,-290.8646374
2020-09-02,-293.0694358
2020-09-03,-288.6236316
2020-09-04,-286.7613782
2020-09-08,-289.0123797
2020-09-09,-290.3273452
2020-09-10,-288.9457903
2020-09-11,-291.9683643
2020-09-14,-291.5029786
2020-09-15,-296.1879962
2020-09-16,-294.2902825
2020-09-17,-289.7608954
2020-09-18,-285.8610801
2020-09-21,-287.8841622
2020-09-22,-289.2366864
2020-09-23,-291.5029149
2020-09-24,-281.730851
2020-09-25,-271.4135289
2020-09-28,-277.5255562
2020-09-29,-280.0702772
2020-09-30,-283.9792787
2020-10-01,-294.1893246
2020-10-02,-290.4375975
2020-10-05,-281.1470274
2020-10-06,-275.581348
2020-10-07,-271.0614387
2020-10-08,-269.1973429
2020-10-09,-274.4188926
2020-10-12,-272.9263826
2020-10-13,-272.235312
2020-10-14,-272.6511836
2020-10-15,-262.8217468
2020-10-16,-259.2877322
2020-10-19,-251.9537611
2020-10-20,-246.8023026
2020-10-21,-244.8104286
2020-10-22,-241.2962507
2020-10-23,-238.8230633
2020-10-26,-235.0446851
2020-10-27,-244.3597517
2020-10-28,-245.813262
2020-10-29,-254.4133318
2020-10-30,-244.3847385
